{
    "RootType": "saveMetadataContainer",
    "Data": {
        "metadata": {
            "gameDefinition": "",
            "activeQuests": "6B577A51814903CA;E5B7576313A99B86;E118A84B9942C8C4",
            "trackedQuestEntry": "ep1/quests/main_quest/q304_deal/06b_lab/01_follow_songbird",
            "trackedQuest": "LocKey#86832",
            "mainQuest": "LocKey#9860",
            "debugString": "q304_deal_done",
            "locationName": "LocKey#94156",
            "playerPosition": {
                "X": -1279.9190673828126,
                "Y": -1907.3896484375,
                "Z": 59.65070343017578
            },
            "playTime": 356073.6193802,
            "playthroughTime": 374894.1231252,
            "nextSavableEntityID": 9018112,
            "nextNonSavableEntityID": 10972458,
            "lifePath": "Nomad",
            "bodyGender": "Female",
            "brainGender": "Female",
            "level": 58.0,
            "streetCred": 50.0,
            "gunslinger": 8.0,
            "assault": 8.0,
            "demolition": 11.0,
            "athletics": 7.0,
            "brawling": 9.0,
            "coldBlood": 8.0,
            "stealth": 8.0,
            "engineering": 8.0,
            "crafting": 10.0,
            "hacking": 8.0,
            "combatHacking": 13.0,
            "strength": 12.0,
            "intelligence": 15.0,
            "reflexes": 20.0,
            "technicalAbility": 11.0,
            "cool": 20.0,
            "initialBuildID": "3.0.3551602  P4CL: 4457769  Stream: //R6.Root/R6.Release ",
            "finishedQuests": "q004 q005 q000 q001 q003 q112 q110 q105 q104 q101 q103 q108 q303 q302 q301 sq030 sq031 sq032 sq029 sq028 sq023 sq021 sq027 sq026 sq025 sq024 sq018 sq017 sq012 sq011 sq004 sq006 mq305 mq306 mq010 mq011 mq012 mq013 mq014 mq015 mq016 mq018 mq019 mq003 mq002 mq001 mq005 mq008 mq036 mq035 mq032 mq033 mq030 mq038 mq029 mq028 mq021 mq023 mq022 mq025 mq024 mq049 mq048 mq044 mq043 mq042 mq040 sa_ep1_courier ma_bls_ina_se5_16 ma_bls_ina_se5_14 ma_bls_ina_se5_15 ma_bls_ina_se5_12 ma_bls_ina_se5_13 ma_bls_ina_se5_11 ma_bls_ina_se5_03 ma_bls_ina_se5_02 ma_bls_ina_se5_05 ma_bls_ina_se5_07 ma_bls_ina_se5_06 ma_bls_ina_se1_23 ma_bls_ina_se1_22 ma_bls_ina_se1_21 ma_bls_ina_se1_20 ma_bls_ina_se1_18 ma_bls_ina_se1_19 ma_bls_ina_se1_12 ma_bls_ina_se1_13 ma_bls_ina_se1_16 ma_bls_ina_se1_17 ma_bls_ina_se1_15 ma_bls_ina_se1_09 ma_bls_ina_se1_08 ma_bls_ina_se1_05 ma_bls_ina_se1_04 ma_bls_ina_se1_07 ma_bls_ina_se1_06 ma_bls_ina_se1_01 ma_bls_ina_se1_03 ma_bls_ina_se1_02 sts_wbr_jpn_12 sts_wbr_jpn_05 sts_wbr_jpn_01 sts_wbr_jpn_03 sts_wbr_jpn_02 ma_cct_cpz_10 ma_cct_cpz_16 ma_cct_cpz_17 ma_cct_cpz_15 ma_cct_cpz_06 ma_cct_cpz_01 sts_wat_kab_107 sts_wat_kab_102 sts_wat_kab_101 sts_std_rcr_02 sts_std_rcr_03 sts_std_rcr_01 sts_std_rcr_04 sts_std_rcr_05 sts_wat_lch_03 sts_wat_lch_01 sts_wat_lch_06 sts_wat_lch_05 sts_hey_gle_01 sts_hey_gle_03 sts_hey_gle_04 sts_hey_gle_05 sts_hey_gle_06 ma_wbr_nok_01 ma_wbr_nok_03 ma_wbr_nok_04 ma_cct_dtn_09 ma_cct_dtn_07 ma_cct_dtn_01 ma_cct_dtn_02 ma_cct_dtn_03 ma_cct_dtn_15 ma_cct_dtn_14 ma_cct_dtn_12 ma_wat_kab_08 ma_wat_kab_02 ma_wat_kab_01 ma_wat_kab_07 ma_wat_kab_16 ma_std_rcr_02 ma_std_rcr_03 ma_std_rcr_01 ma_std_rcr_06 ma_std_rcr_07 ma_std_rcr_04 ma_std_rcr_05 ma_std_rcr_08 ma_std_rcr_09 ma_std_rcr_14 ma_std_rcr_17 ma_std_rcr_16 ma_std_rcr_11 ma_std_rcr_10 ma_std_rcr_13 ma_std_rcr_12 ma_std_rcr_18 sts_std_arr_03 sts_std_arr_01 sts_std_arr_06 sts_std_arr_05 sts_std_arr_11 sts_std_arr_10 sts_std_arr_12 ma_pac_wwd_04 ma_pac_wwd_05 ma_pac_wwd_02 ma_pac_wwd_01 sts_hey_rey_08 sts_hey_rey_09 sts_hey_rey_06 sts_hey_rey_02 sts_hey_rey_01 ma_hey_spr_12 ma_hey_spr_10 ma_hey_spr_11 ma_hey_spr_03 ma_hey_spr_02 ma_hey_spr_04 ma_hey_spr_06 ma_hey_rey_04 ma_hey_rey_05 ma_hey_rey_02 ma_hey_rey_03 ma_hey_rey_01 ma_wat_nid_14 ma_wat_nid_15 ma_wat_nid_10 ma_wat_nid_12 ma_wat_nid_13 ma_wat_nid_07 ma_wat_nid_06 ma_wat_nid_04 ma_wat_nid_03 ma_wat_nid_02 ma_wat_nid_01 ma_wat_nid_09 ma_wat_nid_26 ma_wat_nid_23 ma_wat_nid_22 sts_hey_spr_01 sts_hey_spr_03 sts_hey_spr_06 sts_cct_cpz_01 sts_bls_ina_11 sts_bls_ina_03 sts_bls_ina_02 sts_bls_ina_05 sts_bls_ina_04 sts_bls_ina_07 sts_bls_ina_06 sts_bls_ina_09 sts_bls_ina_08 wst_ep1_02 ma_hey_gle_09 ma_hey_gle_02 ma_hey_gle_03 ma_hey_gle_05 ma_hey_gle_07 ma_hey_gle_13 ma_hey_gle_11 ma_hey_gle_15 ma_std_arr_08 ma_std_arr_09 ma_std_arr_02 ma_std_arr_03 ma_std_arr_01 ma_std_arr_06 ma_std_arr_07 ma_std_arr_05 ma_std_arr_14 ma_std_arr_11 ma_std_arr_10 ma_std_arr_12 ma_wat_lch_11 ma_wat_lch_13 ma_wat_lch_14 ma_wat_lch_15 ma_wat_lch_03 ma_wat_lch_01 ma_wat_lch_06 ma_wat_lch_05 ma_wat_lch_09 ma_wat_lch_08 sts_wat_nid_12 sts_wat_nid_07 sts_wat_nid_06 sts_wat_nid_05 sts_wat_nid_04 sts_wat_nid_03 sts_wat_nid_02 sts_wat_nid_01 sts_wat_kab_02 sts_wat_kab_03 sts_wat_kab_01 sts_wat_kab_06 sts_wat_kab_07 sts_wat_kab_04 sts_wat_kab_05 sts_wat_kab_08 sts_pac_cvi_02 ma_pac_cvi_05 ma_pac_cvi_07 ma_pac_cvi_08 ma_pac_cvi_09 ma_pac_cvi_13 ma_pac_cvi_12 ma_pac_cvi_11 ma_pac_cvi_10 sts_wbr_hil_06 sts_wbr_hil_07 sts_wbr_hil_01 sts_ep1_10 sts_ep1_12 sts_ep1_01 ma_wbr_jpn_20 ma_wbr_jpn_19 ma_wbr_jpn_12 ma_wbr_jpn_13 ma_wbr_jpn_16 ma_wbr_jpn_15 ma_wbr_jpn_09 ma_wbr_jpn_08 ma_wbr_jpn_07 ma_wbr_jpn_06 ma_wbr_jpn_01 sts_pac_wwd_05 sts_cct_dtn_04 sts_cct_dtn_05 sts_cct_dtn_02 sts_cct_dtn_03 ma_wbr_hil_04 ma_wbr_hil_05 ma_wbr_hil_06 ma_wbr_hil_01 ma_wbr_hil_02 ma_wbr_hil_03 ",
            "playthroughID": "61b58af5c46dde53",
            "pointOfNoReturnId": "645c901f95764c07",
            "visitID": "7bc51bd5-bee9-4abc-ade8-1ffd16718ec4",
            "buildSKU": "",
            "buildPatch": "2.0",
            "difficulty": "Easy",
            "facts": [
                "player_drunk=0",
                "sq021_randy_saved=1",
                "q110_done=1",
                "mq303_active=1",
                "q304_started=1",
                "sq021_done=1",
                "sq032_q104_ready=0",
                "sq030_judy_lover=1",
                "sq032_q112_ready=0",
                "q301_done=1",
                "q101_done=1",
                "q304_active=1",
                "q104_done=1",
                "sq028_kerry_friend=1",
                "q112_done=2",
                "q103_helped_panam=1",
                "sq032_q110_ready=0",
                "sq032_q105_used=1",
                "sq004_mitch_available=1",
                "sq021_good_farm_chosen=1",
                "q003_royce_dead=1",
                "sq018_done=1",
                "sq032_03_mikoshi_known=1",
                "sq030_done=1",
                "sq012_done=1",
                "sq023_joshua_inside=1",
                "q000_nomad_background=1",
                "sq032_q104_used=1",
                "mq303_start=1",
                "sq012_fact_I_dont_know=1",
                "ep1_active=1",
                "sq018_03a_misty_invited=1",
                "sq032_q110_used=1",
                "q103_rogue_met=1",
                "sq024_done=1",
                "mq301_active=1",
                "sq025_done=1",
                "q301_active=0",
                "q112_takemura_dead=1",
                "sq004_done=1",
                "sq012_fact_warn_river=1",
                "sq031_rogue_met_johnny=1",
                "sq021_sobchak_friend=1",
                "sq027_done=1",
                "sq017_done=1",
                "q304_04_netrunner_intel=1",
                "sq032_q105_ready=0",
                "q003_meredith_won=1",
                "sq012_started=1",
                "sq030_romance=1",
                "ep1_side_content=1",
                "q108_done=1"
            ],
            "saveVersion": 254,
            "gameVersion": 2000,
            "timestampString": "13:25:48, 28.09.2023",
            "name": "ManualSave-43",
            "userName": "",
            "buildID": "3.0.4902785  P4CL: 6408866  Stream: //R6.Root/R6.Release ",
            "platform": "pc",
            "censorFlags": "",
            "buildConfiguration": "final",
            "fileSize": 8070880,
            "isForced": false,
            "isCheckpoint": false,
            "initialLoadingScreenID": 187220049155,
            "isStoryMode": false,
            "isPointOfNoReturn": false,
            "isEndGameSave": false,
            "isModded": false,
            "additionalContentIds": [
                "EP1"
            ]
        }
    }
}